금리,,,,,,,환율,,,물가상승률,,
항목,중앙은행 정책 금리(%),할인율(%),시중 금리(%),예금금리(%),대출금리(%),정부채(%),USD 비율(자국화폐/US$ 기말),,,Year,Inflation Rate (%),Annual Change
1960. 01 월,,,,,,,50.000 (Won/US$),,,2018,1.48%,-0.47%
1960. 02 월,,,,,,,65.000 (Won/US$),,,2017,1.94%,0.97%
1960. 03 월,,,,,,,65.000 (Won/US$),,,2016,0.97%,0.27%
1960. 04 월,,,,,,,65.000 (Won/US$),,,2015,0.71%,-0.57%
1960. 05 월,,,,,,,65.000 (Won/US$),,,2014,1.27%,-0.03%
1960. 06 월,,,,,,,65.000 (Won/US$),,,2013,1.30%,-0.89%
1960. 07 월,,,,,,,65.000 (Won/US$),,,2012,2.19%,-1.84%
1960. 08 월,,,,,,,65.000 (Won/US$),,,2011,4.03%,1.09%
1960. 09 월,,,,,,,65.000 (Won/US$),,,2010,2.94%,0.18%
1960. 10 월,,,,,,,65.000 (Won/US$),,,2009,2.76%,-1.92%
1960. 11 월,,,,,,,65.000 (Won/US$),,,2008,4.67%,2.14%
1960. 12 월,,,,,,,65.000 (Won/US$),,,2007,2.53%,0.29%
1961. 01 월,,,,,,,100.000 (Won/US$),,,2006,2.24%,-0.51%
1961. 02 월,,,,,,,130.000 (Won/US$),,,2005,2.75%,-0.84%
1961. 03 월,,,,,,,130.000 (Won/US$),,,2004,3.59%,0.08%
1961. 04 월,,,,,,,130.000 (Won/US$),,,2003,3.51%,0.75%
1961. 05 월,,,,,,,130.000 (Won/US$),,,2002,2.76%,-1.30%
1961. 06 월,,,,,,,130.000 (Won/US$),,,2001,4.07%,1.81%
1961. 07 월,,,,,,,130.000 (Won/US$),,,2000,2.26%,1.45%
1961. 08 월,,,,,,,130.000 (Won/US$),,,1999,0.81%,-6.70%
1961. 09 월,,,,,,,130.000 (Won/US$),,,1998,7.51%,3.07%
1961. 10 월,,,,,,,130.000 (Won/US$),,,1997,4.44%,-0.49%
1961. 11 월,,,,,,,130.000 (Won/US$),,,1996,4.92%,0.44%
1961. 12 월,,,,,,,130.000 (Won/US$),,,1995,4.48%,-1.79%
1962. 01 월,,,,,,,130.000 (Won/US$),,,1994,6.27%,1.46%
1962. 02 월,,,,,,,130.000 (Won/US$),,,1993,4.80%,-1.41%
1962. 03 월,,,,,,,130.000 (Won/US$),,,1992,6.21%,-3.12%
1962. 04 월,,,,,,,130.000 (Won/US$),,,1991,9.33%,0.76%
1962. 05 월,,,,,,,130.000 (Won/US$),,,1990,8.57%,2.87%
1962. 06 월,,,,,,,130.000 (Won/US$),,,1989,5.70%,-1.45%
1962. 07 월,,,,,,,130.000 (Won/US$),,,1988,7.15%,4.10%
1962. 08 월,,,,,,,130.000 (Won/US$),,,1987,3.05%,0.30%
1962. 09 월,,,,,,,130.000 (Won/US$),,,1986,2.75%,0.29%
1962. 10 월,,,,,,,130.000 (Won/US$),,,1985,2.46%,0.19%
1962. 11 월,,,,,,,130.000 (Won/US$),,,1984,2.27%,-1.15%
1962. 12 월,,,,,,,130.000 (Won/US$),,,1983,3.42%,-3.77%
1963. 01 월,,,,,,,130.000 (Won/US$),,,1982,7.19%,-14.16%
1963. 02 월,,,,,,,130.000 (Won/US$),,,1981,21.35%,-7.35%
1963. 03 월,,,,,,,130.000 (Won/US$),,,1980,28.70%,10.37%
1963. 04 월,,,,,,,130.000 (Won/US$),,,1979,18.32%,3.86%
1963. 05 월,,,,,,,130.000 (Won/US$),,,1978,14.46%,4.36%
1963. 06 월,,,,,,,130.000 (Won/US$),,,1977,10.10%,-5.23%
1963. 07 월,,,,,,,130.000 (Won/US$),,,1976,15.33%,-9.92%
1963. 08 월,,,,,,,130.000 (Won/US$),,,1975,25.25%,0.95%
1963. 09 월,,,,,,,130.000 (Won/US$),,,1974,24.30%,21.08%
1963. 10 월,,,,,,,130.000 (Won/US$),,,1973,3.22%,-8.47%
1963. 11 월,,,,,,,130.000 (Won/US$),,,1972,11.69%,-1.82%
1963. 12 월,,,,,,,130.000 (Won/US$),,,1971,13.51%,-2.44%
1964. 01 월,,10.22,,,,,130.000 (Won/US$),,,1970,15.95%,3.56%
1964. 02 월,,10.22,,,,,130.000 (Won/US$),,,1969,12.39%,1.62%
1964. 03 월,,10.5,,,,,130.000 (Won/US$),,,1968,10.77%,-0.11%
1964. 04 월,,10.5,,,,,130.000 (Won/US$),,,1967,10.88%,-0.38%
1964. 05 월,,10.5,,,,,255.770 (Won/US$),,,1966,11.26%,-2.29%
1964. 06 월,,10.5,,,,,255.770 (Won/US$),,,1965,13.55%,-15.91%
1964. 07 월,,10.5,,,,,255.770 (Won/US$),,,1964,29.46%,8.77%
1964. 08 월,,10.5,,,,,255.770 (Won/US$),,,1963,20.69%,14.07%
1964. 09 월,,10.5,,,,,255.770 (Won/US$),,,1962,6.62%,-1.58%
1964. 10 월,,10.5,,,,,255.770 (Won/US$),,,1961,8.20%,0.23%
1964. 11 월,,10.5,,,,,255.770 (Won/US$),,,1960,7.97%,0.23%
1964. 12 월,,10.5,,,,,255.770 (Won/US$),,,,,
1965. 01 월,,10.5,,,,,255.770 (Won/US$),,,,,
1965. 02 월,,10.5,,,,,255.770 (Won/US$),,,,,
1965. 03 월,,10.5,,,,,263.210 (Won/US$),,,,,
1965. 04 월,,10.5,,,,,255.770 (Won/US$),,,,,
1965. 05 월,,10.5,,,,,271.180 (Won/US$),,,,,
1965. 06 월,,10.5,,,,,271.380 (Won/US$),,,,,
1965. 07 월,,10.5,,,,,271.580 (Won/US$),,,,,
1965. 08 월,,10.5,,,,,272.180 (Won/US$),,,,,
1965. 09 월,,10.5,,,,,271.980 (Won/US$),,,,,
1965. 10 월,,10.5,,,,,271.780 (Won/US$),,,,,
1965. 11 월,,21,,,,,271.780 (Won/US$),,,,,
1965. 12 월,,28,,,,,271.780 (Won/US$),,,,,
1966. 01 월,,28,,,,,271.680 (Won/US$),,,,,
1966. 02 월,,28,,,,,271.680 (Won/US$),,,,,
1966. 03 월,,28,,,,,271.680 (Won/US$),,,,,
1966. 04 월,,28,,,,,271.180 (Won/US$),,,,,
1966. 05 월,,28,,,,,271.180 (Won/US$),,,,,
1966. 06 월,,28,,,,,271.180 (Won/US$),,,,,
1966. 07 월,,28,,,,,271.180 (Won/US$),,,,,
1966. 08 월,,28,,,,,271.180 (Won/US$),,,,,
1966. 09 월,,28,,,,,271.180 (Won/US$),,,,,
1966. 10 월,,28,,,,,271.180 (Won/US$),,,,,
1966. 11 월,,28,,,,,271.180 (Won/US$),,,,,
1966. 12 월,,28,,,,,271.180 (Won/US$),,,,,
1967. 01 월,,28,,,,,269.850 (Won/US$),,,,,
1967. 02 월,,28,,,,,269.900 (Won/US$),,,,,
1967. 03 월,,28,,,,,270.050 (Won/US$),,,,,
1967. 04 월,,28,,,,,270.100 (Won/US$),,,,,
1967. 05 월,,28,,,,,270.050 (Won/US$),,,,,
1967. 06 월,,28,,,,,270.000 (Won/US$),,,,,
1967. 07 월,,28,,,,,270.250 (Won/US$),,,,,
1967. 08 월,,28,,,,,270.340 (Won/US$),,,,,
1967. 09 월,,28,,,,,270.580 (Won/US$),,,,,
1967. 10 월,,28,,,,,270.290 (Won/US$),,,,,
1967. 11 월,,28,,,,,271.900 (Won/US$),,,,,
1967. 12 월,,28,,,,,274.600 (Won/US$),,,,,
1968. 01 월,,28,,,,,274.700 (Won/US$),,,,,
1968. 02 월,,28,,,,,274.600 (Won/US$),,,,,
1968. 03 월,,21,,,,,274.700 (Won/US$),,,,,
1968. 04 월,,21,,,,,274.800 (Won/US$),,,,,
1968. 05 월,,21,,,,,274.800 (Won/US$),,,,,
1968. 06 월,,21,,,,,274.800 (Won/US$),,,,,
1968. 07 월,,21,,,,,274.800 (Won/US$),,,,,
1968. 08 월,,21,,,,,276.500 (Won/US$),,,,,
1968. 09 월,,21,,,,,279.500 (Won/US$),,,,,
1968. 10 월,,23,,,,,280.900 (Won/US$),,,,,
1968. 11 월,,23,,,,,281.600 (Won/US$),,,,,
1968. 12 월,,23,,,,,281.500 (Won/US$),,,,,
1969. 01 월,,23,,,,,281.700 (Won/US$),,,,,
1969. 02 월,,23,,,,,282.400 (Won/US$),,,,,
1969. 03 월,,23,,,,,283.200 (Won/US$),,,,,
1969. 04 월,,23,,,,,284.200 (Won/US$),,,,,
1969. 05 월,,23,,,,,285.000 (Won/US$),,,,,
1969. 06 월,,22,,,,,285.000 (Won/US$),,,,,
1969. 07 월,,22,,,,,286.300 (Won/US$),,,,,
1969. 08 월,,22,,,,,287.600 (Won/US$),,,,,
1969. 09 월,,22,,,,,288.800 (Won/US$),,,,,
1969. 10 월,,22,,,,,291.400 (Won/US$),,,,,
1969. 11 월,,22,,,,,304.550 (Won/US$),,,,,
1969. 12 월,,22,,,,,304.450 (Won/US$),,,,,
1970. 01 월,,22,,,,,305.350 (Won/US$),,,,,
1970. 02 월,,22,,,,,306.150 (Won/US$),,,,,
1970. 03 월,,22,,,,,306.850 (Won/US$),,,,,
1970. 04 월,,21,,,,,308.650 (Won/US$),,,,,
1970. 05 월,,21,,,,,309.350 (Won/US$),,,,,
1970. 06 월,,21,,,,,310.750 (Won/US$),,,,,
1970. 07 월,,21,,,,,312.350 (Won/US$),,,,,
1970. 08 월,,21,,,,,312.950 (Won/US$),,,,,
1970. 09 월,,21,,,,,313.850 (Won/US$),,,,,
1970. 10 월,,21,,,,,314.950 (Won/US$),,,,,
1970. 11 월,,21,,,,,315.750 (Won/US$),,,,,
1970. 12 월,,19,,,,,316.650 (Won/US$),,,,,
1971. 01 월,,19,,,,,318.550 (Won/US$),,,,,
1971. 02 월,,19,,,,,320.250 (Won/US$),,,,,
1971. 03 월,,19,,,,,322.250 (Won/US$),,,,,
1971. 04 월,,19,,,,,324.150 (Won/US$),,,,,
1971. 05 월,,19,,,,,326.350 (Won/US$),,,,,
1971. 06 월,,16,,,,,370.800 (Won/US$),,,,,
1971. 07 월,,16,,,,,370.800 (Won/US$),,,,,
1971. 08 월,,16,,,,,370.800 (Won/US$),,,,,
1971. 09 월,,16,,,,,370.800 (Won/US$),,,,,
1971. 10 월,,16,,,,,370.800 (Won/US$),,,,,
1971. 11 월,,16,,,,,370.800 (Won/US$),,,,,
1971. 12 월,,16,,,,,373.300 (Won/US$),,,,,
1972. 01 월,,13,,,,,376.400 (Won/US$),,,,,
1972. 02 월,,13,,,,,382.000 (Won/US$),,,,,
1972. 03 월,,13,,,,,387.100 (Won/US$),,,,,
1972. 04 월,,13,,,,,392.900 (Won/US$),,,,,
1972. 05 월,,13,,,,,396.100 (Won/US$),,,,,
1972. 06 월,,13,,,,,399.700 (Won/US$),,,,,
1972. 07 월,,13,,,,,399.300 (Won/US$),,,,,
1972. 08 월,,11,,,,,399.000 (Won/US$),,,,,
1972. 09 월,,11,,,,,398.700 (Won/US$),,,,,
1972. 10 월,,11,,,,,398.700 (Won/US$),,,,,
1972. 11 월,,11,,,,,398.800 (Won/US$),,,,,
1972. 12 월,,11,,,,,398.900 (Won/US$),,,,,
1973. 01 월,,11,,,,,398.900 (Won/US$),,,,,
1973. 02 월,,11,,,,,398.900 (Won/US$),,,,,
1973. 03 월,,11,,,,,398.900 (Won/US$),,,,,
1973. 04 월,,11,,,,,399.000 (Won/US$),,,,,
1973. 05 월,,11,,,,15.1,398.900 (Won/US$),,,,,
1973. 06 월,,11,,,,15.4,398.900 (Won/US$),,,,,
1973. 07 월,,11,,,,16.2,398.700 (Won/US$),,,,,
1973. 08 월,,11,,,,16.6,398.300 (Won/US$),,,,,
1973. 09 월,,11,,,,17.5,397.700 (Won/US$),,,,,
1973. 10 월,,11,,,,17.8,397.200 (Won/US$),,,,,
1973. 11 월,,11,,,,18.5,396.900 (Won/US$),,,,,
1973. 12 월,,11,,,,18.9,397.500 (Won/US$),,,,,
1974. 01 월,,11,,,,19.3,398.200 (Won/US$),,,,,
1974. 02 월,,11,,,,20,398.500 (Won/US$),,,,,
1974. 03 월,,11,,,,20.7,398.900 (Won/US$),,,,,
1974. 04 월,,11,,,,21.4,399.000 (Won/US$),,,,,
1974. 05 월,,11,,,,21.6,399.000 (Won/US$),,,,,
1974. 06 월,,11,,,,21.7,399.000 (Won/US$),,,,,
1974. 07 월,,11,,,,21.5,399.000 (Won/US$),,,,,
1974. 08 월,,11,,,,21.3,399.000 (Won/US$),,,,,
1974. 09 월,,11,,,,21,399.000 (Won/US$),,,,,
1974. 10 월,,11,,,,20.9,399.000 (Won/US$),,,,,
1974. 11 월,,11,,,,21.1,399.000 (Won/US$),,,,,
1974. 12 월,,11,,,,21.1,484.000 (Won/US$),,,,,
1975. 01 월,,11,,,,20.9,484.000 (Won/US$),,,,,
1975. 02 월,,11,,,,20.7,484.000 (Won/US$),,,,,
1975. 03 월,,11,,,,20.8,484.000 (Won/US$),,,,,
1975. 04 월,,11,,,,20.6,484.000 (Won/US$),,,,,
1975. 05 월,,11,,,,20.9,484.000 (Won/US$),,,,,
1975. 06 월,,11,,,,21.1,484.000 (Won/US$),,,,,
1975. 07 월,,11,,,,21.5,484.000 (Won/US$),,,,,
1975. 08 월,,11,,,,21.5,484.000 (Won/US$),,,,,
1975. 09 월,,11,,,,21.2,484.000 (Won/US$),,,,,
1975. 10 월,,11,,,,21.2,484.000 (Won/US$),,,,,
1975. 11 월,,14,,,,21.3,484.000 (Won/US$),,,,,
1975. 12 월,,14,,,,21.5,484.000 (Won/US$),,,,,
1976. 01 월,,14,,,,21.4,484.000 (Won/US$),,,,,
1976. 02 월,,14,,,,21.4,484.000 (Won/US$),,,,,
1976. 03 월,,14,,,,21.3,484.000 (Won/US$),,,,,
1976. 04 월,,14,,,,21.7,484.000 (Won/US$),,,,,
1976. 05 월,,14,,,,21.3,484.000 (Won/US$),,,,,
1976. 06 월,,14,,,,21.4,484.000 (Won/US$),,,,,
1976. 07 월,,14,,,,21.4,484.000 (Won/US$),,,,,
1976. 08 월,,14,17.5,,,21.5,484.000 (Won/US$),,,,,
1976. 09 월,,14,18.3,,,21.8,484.000 (Won/US$),,,,,
1976. 10 월,,14,17.8,,,22.2,484.000 (Won/US$),,,,,
1976. 11 월,,14,18.1,,,22.2,484.000 (Won/US$),,,,,
1976. 12 월,,14,17.8,,,21.8,484.000 (Won/US$),,,,,
1977. 01 월,,14,18,,,20.9,484.000 (Won/US$),,,,,
1977. 02 월,,14,18.2,,,21,484.000 (Won/US$),,,,,
1977. 03 월,,14,18.6,,,22,484.000 (Won/US$),,,,,
1977. 04 월,,14,17.6,,,21.7,484.000 (Won/US$),,,,,
1977. 05 월,,14,18.2,,,22.1,484.000 (Won/US$),,,,,
1977. 06 월,,14,18.3,,,20.8,484.000 (Won/US$),,,,,
1977. 07 월,,14,18.4,,,20.3,484.000 (Won/US$),,,,,
1977. 08 월,,14,18,,,19.4,484.000 (Won/US$),,,,,
1977. 09 월,,14,18.3,,,20,484.000 (Won/US$),,,,,
1977. 10 월,,14,18,,,29.2,484.000 (Won/US$),,,,,
1977. 11 월,,14,17.3,,,19.7,484.000 (Won/US$),,,,,
1977. 12 월,,14,18.2,,,20.5,484.000 (Won/US$),,,,,
1978. 01 월,,14,17.7,,,20.4,484.000 (Won/US$),,,,,
1978. 02 월,,14,16.4,,,21,484.000 (Won/US$),,,,,
1978. 03 월,,14,18.2,,,20.7,484.000 (Won/US$),,,,,
1978. 04 월,,14,18.1,,,20.2,484.000 (Won/US$),,,,,
1978. 05 월,,14,17.2,,,20.3,484.000 (Won/US$),,,,,
1978. 06 월,,15,19.9,,,21.9,484.000 (Won/US$),,,,,
1978. 07 월,,15,20.8,,,22.1,484.000 (Won/US$),,,,,
1978. 08 월,,15,20.9,,,22,484.000 (Won/US$),,,,,
1978. 09 월,,15,21.1,,,22.3,484.000 (Won/US$),,,,,
1978. 10 월,,15,21.2,,,22.5,484.000 (Won/US$),,,,,
1978. 11 월,,15,21.4,,,23.2,484.000 (Won/US$),,,,,
1978. 12 월,,15,18.9,,,22.6,484.000 (Won/US$),,,,,
1979. 01 월,,15,18.8,,,22.9,484.000 (Won/US$),,,,,
1979. 02 월,,15,18.8,,,23.6,484.000 (Won/US$),,,,,
1979. 03 월,,15,18.8,,,23.8,484.000 (Won/US$),,,,,
1979. 04 월,,15,18.9,,,23.4,484.000 (Won/US$),,,,,
1979. 05 월,,15,18.9,,,23.7,484.000 (Won/US$),,,,,
1979. 06 월,,15,18.8,,,25.7,484.000 (Won/US$),,,,,
1979. 07 월,,15,18.8,,,25.9,484.000 (Won/US$),,,,,
1979. 08 월,,15,18.9,,,24.7,484.000 (Won/US$),,,,,
1979. 09 월,,15,18.9,,,26,484.000 (Won/US$),,,,,
1979. 10 월,,15,18.9,,,26.5,484.000 (Won/US$),,,,,
1979. 11 월,,15,18.9,,,28.1,484.000 (Won/US$),,,,,
1979. 12 월,,15,18.9,,,27.9,484.000 (Won/US$),,,,,
1980. 01 월,,21,22.7,,,29,580.000 (Won/US$),,,,,
1980. 02 월,,21,23.9,,,29.4,580.700 (Won/US$),,,,,
1980. 03 월,,21,24.6,,,32.6,586.100 (Won/US$),,,,,
1980. 04 월,,21,24.6,,,31,590.500 (Won/US$),,,,,
1980. 05 월,,21,24.8,,,30.5,596.200 (Won/US$),,,,,
1980. 06 월,,20,24,,,30.3,603.000 (Won/US$),,,,,
1980. 07 월,,20,23.1,,,29.4,612.700 (Won/US$),,,,,
1980. 08 월,,20,23.9,,,27.9,616.300 (Won/US$),,,,,
1980. 09 월,,18,22.2,,,26.5,625.000 (Won/US$),,,,,
1980. 10 월,,18,21.8,,,26.1,651.600 (Won/US$),,,,,
1980. 11 월,,16,19.3,,,25.9,658.800 (Won/US$),,,,,
1980. 12 월,,16,19.3,,,26.5,659.900 (Won/US$),,,,,
1981. 01 월,,16,17.3,,,26.1,665.700 (Won/US$),,,,,
1981. 02 월,,16,18.6,,,24.7,670.500 (Won/US$),,,,,
1981. 03 월,,16,17.4,,,23.7,672.800 (Won/US$),,,,,
1981. 04 월,,16,17,,,22.7,678.900 (Won/US$),,,,,
1981. 05 월,,16,19,,,22.1,683.800 (Won/US$),,,,,
1981. 06 월,,16,19.4,,,21.8,685.100 (Won/US$),,,,,
1981. 07 월,,16,17.4,,,21.6,686.900 (Won/US$),,,,,
1981. 08 월,,16,19.3,,,21.2,685.500 (Won/US$),,,,,
1981. 09 월,,16,19.2,,,22.7,685.500 (Won/US$),,,,,
1981. 10 월,,16,18.5,,,25.6,678.200 (Won/US$),,,,,
1981. 11 월,,13,17.6,,,26,689.900 (Won/US$),,,,,
1981. 12 월,,11,17,,,25.2,700.500 (Won/US$),,,,,
1982. 01 월,,5,16,,,21.3,708.300 (Won/US$),,,,,
1982. 02 월,,5,15.6,,,20.4,712.000 (Won/US$),,,,,
1982. 03 월,,5.5,14.9,,,19.3,718.300 (Won/US$),,,,,
1982. 04 월,,5.5,14.6,,,18.3,721.300 (Won/US$),,,,,
1982. 05 월,,5,13,,,16.7,733.100 (Won/US$),,,,,
1982. 06 월,,5,15.1,,,16.3,740.800 (Won/US$),,,,,
1982. 07 월,,5,13.3,,,14.5,741.300 (Won/US$),,,,,
1982. 08 월,,5,13.3,,,15,741.900 (Won/US$),,,,,
1982. 09 월,,5,13.4,,,16.4,742.900 (Won/US$),,,,,
1982. 10 월,,5,13.6,,,17.5,744.900 (Won/US$),,,,,
1982. 11 월,,5,13.8,,,17.5,744.700 (Won/US$),,,,,
1982. 12 월,,5,13.5,,,15.8,748.800 (Won/US$),,,,,
1983. 01 월,,5,13.7,,,13.7,751.500 (Won/US$),,,,,
1983. 02 월,,5,13.4,,,13.4,753.100 (Won/US$),,,,,
1983. 03 월,,5,13.7,,,12.9,763.400 (Won/US$),,,,,
1983. 04 월,,5,13.6,,,13,767.900 (Won/US$),,,,,
1983. 05 월,,5,13.2,,,13,771.100 (Won/US$),,,,,
1983. 06 월,,5,13.2,,,12.9,776.700 (Won/US$),,,,,
1983. 07 월,,5,12.7,,,12.8,783.100 (Won/US$),,,,,
1983. 08 월,,5,12.7,,,13,790.100 (Won/US$),,,,,
1983. 09 월,,5,12.6,,,13,789.300 (Won/US$),,,,,
1983. 10 월,,5,12.6,,,13,792.900 (Won/US$),,,,,
1983. 11 월,,5,12.6,,,13.1,796.900 (Won/US$),,,,,
1983. 12 월,,5,12,,,13.1,795.500 (Won/US$),,,,,
1984. 01 월,,5,11.3,,,13.9,799.300 (Won/US$),,,,,
1984. 02 월,,5,11.2,,,13.7,793.300 (Won/US$),,,,,
1984. 03 월,,5,10.8,,,13.6,791.800 (Won/US$),,,,,
1984. 04 월,,5,11.9,,,13.2,797.600 (Won/US$),,,,,
1984. 05 월,,5,11.8,,,14.1,798.300 (Won/US$),,,,,
1984. 06 월,,5,12,,,14.4,803.400 (Won/US$),,,,,
1984. 07 월,,5,12.1,,,14.4,811.400 (Won/US$),,,,,
1984. 08 월,,5,11.7,,,14.7,808.700 (Won/US$),,,,,
1984. 09 월,,5,11.4,,,14.6,815.200 (Won/US$),,,,,
1984. 10 월,,5,11.4,,,14.8,817.400 (Won/US$),,,,,
1984. 11 월,,5,10.9,,,15.2,821.100 (Won/US$),,,,,
1984. 12 월,,5,10.2,,,15.2,827.400 (Won/US$),,,,,
1985. 01 월,,5,9.1,,,15,830.600 (Won/US$),,,,,
1985. 02 월,,5,9.3,,,15,842.800 (Won/US$),,,,,
1985. 03 월,,6.75,9.7,,,15,850.300 (Won/US$),,,,,
1985. 04 월,,5,9.8,,,14.8,865.900 (Won/US$),,,,,
1985. 05 월,,5,9.5,,,14.6,871.000 (Won/US$),,,,,
1985. 06 월,,6.58,9.1,,,13.7,873.800 (Won/US$),,,,,
1985. 07 월,,5,9.5,,,13.1,876.300 (Won/US$),,,,,
1985. 08 월,,5,9.5,,,12.9,886.800 (Won/US$),,,,,
1985. 09 월,,6.08,9.5,,,12.8,891.700 (Won/US$),,,,,
1985. 10 월,,5,9.5,,,12.3,892.200 (Won/US$),,,,,
1985. 11 월,,5,9.2,,,11.8,889.100 (Won/US$),,,,,
1985. 12 월,,5.42,8.5,,,11.9,890.200 (Won/US$),,,,,
1986. 01 월,,5,8.9,,,11,888.700 (Won/US$),,,,,
1986. 02 월,,5,9.5,,,11,883.800 (Won/US$),,,,,
1986. 03 월,,5,9.6,,,11.2,885.200 (Won/US$),,,,,
1986. 04 월,,5,11,,,11.5,885.100 (Won/US$),,,,,
1986. 05 월,,5,10.2,,,12.2,889.800 (Won/US$),,,,,
1986. 06 월,,5,9.9,,,11.5,886.600 (Won/US$),,,,,
1986. 07 월,,7,10.6,,,12.2,885.000 (Won/US$),,,,,
1986. 08 월,,7,9.4,,,11.6,880.200 (Won/US$),,,,,
1986. 09 월,,7,9.5,,,11.7,877.000 (Won/US$),,,,,
1986. 10 월,,7,9.5,,,11.1,873.200 (Won/US$),,,,,
1986. 11 월,,7,9.3,,,11.7,865.000 (Won/US$),,,,,
1986. 12 월,,7,9,,,12.1,861.400 (Won/US$),,,,,
1987. 01 월,,7,8.7,,,11.7,857.200 (Won/US$),,,,,
1987. 02 월,,7,8.8,,,11.7,854.800 (Won/US$),,,,,
1987. 03 월,,7,8.9,,,12.1,846.900 (Won/US$),,,,,
1987. 04 월,,7,8.5,,,13,834.100 (Won/US$),,,,,
1987. 05 월,,7,8.3,,,12.1,822.700 (Won/US$),,,,,
1987. 06 월,,7,9,,,12.3,808.900 (Won/US$),,,,,
1987. 07 월,,7,9,,,11.8,808.000 (Won/US$),,,,,
1987. 08 월,,7,10,,,12.6,807.700 (Won/US$),,,,,
1987. 09 월,,7,8.6,,,12.7,805.800 (Won/US$),,,,,
1987. 10 월,,7,9.4,,,13.4,801.400 (Won/US$),,,,,
1987. 11 월,,7,8.7,,,13,796.400 (Won/US$),,,,,
1987. 12 월,,7,9.2,,,12.7,792.300 (Won/US$),,,,,
1988. 01 월,,7,9.3,,,12.8,781.600 (Won/US$),,,,,
1988. 02 월,,7,9.2,,,12.4,760.800 (Won/US$),,,,,
1988. 03 월,,7,9.4,,,13.3,746.200 (Won/US$),,,,,
1988. 04 월,,7,9.5,,,12.3,740.000 (Won/US$),,,,,
1988. 05 월,,7,9.4,,,12.1,732.900 (Won/US$),,,,,
1988. 06 월,,7,9.6,,,12.1,728.300 (Won/US$),,,,,
1988. 07 월,,7,9.8,,,13.15,723.800 (Won/US$),,,,,
1988. 08 월,,7,10.5,,,14.2,722.000 (Won/US$),,,,,
1988. 09 월,,8,10.6,,,14.3,719.000 (Won/US$),,,,,
1988. 10 월,,8,9.5,,,13.5,701.400 (Won/US$),,,,,
1988. 11 월,,8,9.3,,,13.2,687.500 (Won/US$),,,,,
1988. 12 월,,8,9.3,,,13.1,684.100 (Won/US$),,,,,
1989. 01 월,,8,9.3,,,12.3,680.600 (Won/US$),,,,,
1989. 02 월,,8,12.2,,,12.5,673.100 (Won/US$),,,,,
1989. 03 월,,8,13.6,,,12.7,671.900 (Won/US$),,,,,
1989. 04 월,,8,13,,,15.8,666.300 (Won/US$),,,,,
1989. 05 월,,8,14.2,,,15.9,666.700 (Won/US$),,,,,
1989. 06 월,,8,13,,,16,667.200 (Won/US$),,,,,
1989. 07 월,,8,14.2,,,15.9,667.400 (Won/US$),,,,,
1989. 08 월,,8,12.4,,,15.8,669.200 (Won/US$),,,,,
1989. 09 월,,8,13.2,,,15.2,670.000 (Won/US$),,,,,
1989. 10 월,,8,15.1,,,15.1,671.600 (Won/US$),,,,,
1989. 11 월,,7,15.4,,,14.9,672.700 (Won/US$),,,,,
1989. 12 월,,7,13.7,,,14.8,679.600 (Won/US$),,,,,
1990. 01 월,,7,11.8,,,14.7,686.300 (Won/US$),,,,,
1990. 02 월,,7,11.6,,,14.3,694.000 (Won/US$),,,,,
1990. 03 월,,7,12.2,,,14,702.100 (Won/US$),,,,,
1990. 04 월,,7,15,,,14.3,707.000 (Won/US$),,,,,
1990. 05 월,,7,15.2,,,14.9,712.300 (Won/US$),,,,,
1990. 06 월,,7,14.8,,,14.9,716.000 (Won/US$),,,,,
1990. 07 월,,7,14.7,,,14.7,715.100 (Won/US$),,,,,
1990. 08 월,,7,14.6,,,14.6,714.000 (Won/US$),,,,,
1990. 09 월,,7,14.2,,,15.6,712.900 (Won/US$),,,,,
1990. 10 월,,7,14.3,,,16.3,713.800 (Won/US$),,,,,
1990. 11 월,,7,14.9,,,16,713.100 (Won/US$),,,,,
1990. 12 월,,7,15,,,16,716.400 (Won/US$),,,,,
1991. 01 월,,7,13.4,,,16,719.000 (Won/US$),,,,,
1991. 02 월,,7,14.2,,,16,724.400 (Won/US$),,,,,
1991. 03 월,,7,14.5,,,16,724.700 (Won/US$),,,,,
1991. 04 월,,7,15,,,16.3,725.100 (Won/US$),,,,,
1991. 05 월,,7,15.8,,,16.2,723.000 (Won/US$),,,,,
1991. 06 월,,7,19.2,,,16.4,723.100 (Won/US$),,,,,
1991. 07 월,,7,18.4,,,16.4,726.100 (Won/US$),,,,,
1991. 08 월,,7,19,,,16.6,735.600 (Won/US$),,,,,
1991. 09 월,,7,19.7,,,16.9,741.500 (Won/US$),,,,,
1991. 10 월,,7,18.2,,,17,750.300 (Won/US$),,,,,
1991. 11 월,,7,19.7,,,16.9,754.500 (Won/US$),,,,,
1991. 12 월,,7,17.2,,,16.8,760.800 (Won/US$),,,,,
1992. 01 월,,7,14.3,,,16.7,762.000 (Won/US$),,,,,
1992. 02 월,,7,14.2,,,16.2,768.200 (Won/US$),,,,,
1992. 03 월,,7,14.7,,,16.2,775.100 (Won/US$),,,,,
1992. 04 월,,7,14.9,,,16.2,778.800 (Won/US$),,,,,
1992. 05 월,,7,14.9,,,16.1,783.500 (Won/US$),,,,,
1992. 06 월,,7,14.9,,,16.1,790.200 (Won/US$),,,,,
1992. 07 월,,7,14.9,,,15.7,788.100 (Won/US$),,,,,
1992. 08 월,,7,14.9,,,14.5,787.600 (Won/US$),,,,,
1992. 09 월,,7,14.9,,,14.3,786.600 (Won/US$),,,,,
1992. 10 월,,7,12,,,13.4,782.400 (Won/US$),,,,,
1992. 11 월,,7,13.4,,,12.4,785.100 (Won/US$),,,,,
1992. 12 월,,7,13.8,,,13.2,788.400 (Won/US$),,,,,
1993. 01 월,,5,12.4,,,12.8,794.000 (Won/US$),,,,,
1993. 02 월,,5,11.06,,,12.34,794.900 (Won/US$),,,,,
1993. 03 월,,5,11,,,11.5,794.000 (Won/US$),,,,,
1993. 04 월,,5,10.7,,,11.1,795.900 (Won/US$),,,,,
1993. 05 월,,5,11.2,,,11.3,801.100 (Won/US$),,,,,
1993. 06 월,,5,13.2,,,11.8,803.700 (Won/US$),,,,,
1993. 07 월,,5,14.4,,,12.2,806.600 (Won/US$),,,,,
1993. 08 월,,5,13.6,,,12.2,808.400 (Won/US$),,,,,
1993. 09 월,,5,12.6,,,13.05,808.800 (Won/US$),,,,,
1993. 10 월,,5,12.09,,,12.39,808.200 (Won/US$),,,,,
1993. 11 월,,5,11.5,,,12.29,807.600 (Won/US$),,,,,
1993. 12 월,,5,11.7,,,12,808.100 (Won/US$),,,,,
1994. 01 월,,5,10.5,,,11.9,808.100 (Won/US$),,,,,
1994. 02 월,,5,11,,,11.9,802.600 (Won/US$),,,,,
1994. 03 월,,5,12,,,12.1,806.500 (Won/US$),,,,,
1994. 04 월,,5,11.7,,,12.1,807.500 (Won/US$),,,,,
1994. 05 월,,5,11.2,,,12,806.100 (Won/US$),,,,,
1994. 06 월,,5,12.8,,,11.9,805.500 (Won/US$),,,,,
1994. 07 월,,5,12.7,,,12,802.600 (Won/US$),,,,,
1994. 08 월,,5,15.8,,,12.2,801.100 (Won/US$),,,,,
1994. 09 월,,5,12.7,,,12.4,798.900 (Won/US$),,,,,
1994. 10 월,,5,11.6,,,12.7,796.900 (Won/US$),,,,,
1994. 11 월,,5,12.9,,,12.9,794.300 (Won/US$),,,,,
1994. 12 월,,5,14.5,,,13.5,788.700 (Won/US$),,,,,
1995. 01 월,,5,15.6,,,13.9,786.700 (Won/US$),,,,,
1995. 02 월,,5,15.3,,,14.2,786.000 (Won/US$),,,,,
1995. 03 월,,5,12.2,,,14,771.500 (Won/US$),,,,,
1995. 04 월,,5,12.9,,,13.5,761.800 (Won/US$),,,,,
1995. 05 월,,5,13.8,,,13.5,760.100 (Won/US$),,,,,
1995. 06 월,,5,12.8,,,13.2,758.100 (Won/US$),,,,,
1995. 07 월,,5,11.3,,,12.8,756.500 (Won/US$),,,,,
1995. 08 월,,5,11.7,,,12.1,771.100 (Won/US$),,,,,
1995. 09 월,,5,11.4,,,11.2,768.400 (Won/US$),,,,,
1995. 10 월,,5,11.2,,,10.8,765.500 (Won/US$),,,,,
1995. 11 월,,5,11.4,,,10.4,769.200 (Won/US$),,,,,
1995. 12 월,,5,11.2,,,9.2,774.700 (Won/US$),,,,,
1996. 01 월,,5,10.5,,,10,784.300 (Won/US$),,,,,
1996. 02 월,,5,10.8,,,10.7,780.700 (Won/US$),,,,,
1996. 03 월,,5,10.3,,,10.8,782.700 (Won/US$),,,,,
1996. 04 월,,5,9.5,,,10.3,778.700 (Won/US$),,,,,
1996. 05 월,,5,11.5,,,10.3,787.900 (Won/US$),,,,,
1996. 06 월,,5,12.44,,,10.7,810.600 (Won/US$),,,,,
1996. 07 월,,5,13.04,9.87,11.17,11.05,813.300 (Won/US$),,,,,
1996. 08 월,,5,15.52,10.41,11.03,11.53,819.400 (Won/US$),,,,,
1996. 09 월,,5,14.11,10.44,11.05,11.36,821.200 (Won/US$),,,,,
1996. 10 월,,5,14.65,10.39,11.12,11.26,831.300 (Won/US$),,,,,
1996. 11 월,,5,14.38,9.73,10.92,11.32,828.700 (Won/US$),,,,,
1996. 12 월,,5,12.51,9.8,11.1,11.44,844.200 (Won/US$),,,,,
1997. 01 월,,5,11.39,9.83,11.34,11.26,861.300 (Won/US$),,,,,
1997. 02 월,,5,11.49,10.21,11.33,11.1,863.900 (Won/US$),,,,,
1997. 03 월,,5,12.95,10.73,11.47,11.4,897.100 (Won/US$),,,,,
1997. 04 월,,5,13,10.88,11.49,11.46,892.100 (Won/US$),,,,,
1997. 05 월,,5,12.45,10.91,11.36,11.36,891.800 (Won/US$),,,,,
1997. 06 월,,5,11.19,10.53,11.38,11.04,888.100 (Won/US$),,,,,
1997. 07 월,,5,11.44,10.55,11.38,11.17,892.000 (Won/US$),,,,,
1997. 08 월,,5,12.45,10.65,11.6,11.68,902.000 (Won/US$),,,,,
1997. 09 월,,5,13.25,10.7,11.83,11.25,914.800 (Won/US$),,,,,
1997. 10 월,,5,13.64,10.86,11.71,11.25,965.100 (Won/US$),,,,,
1997. 11 월,,5,14.09,11.22,12.31,12.11,1163.800 (Won/US$),,,,,
1997. 12 월,,5,21.58,12.59,15.32,15.32,1695.000 (Won/US$),,,,,
1998. 01 월,,5,25.63,15.85,17.53,16.58,1525.000 (Won/US$),,,,,
1998. 02 월,,5,23.53,16.35,17.12,15.25,1633.000 (Won/US$),,,,,
1998. 03 월,,5,22.62,17.05,17.18,15.2,1383.000 (Won/US$),,,,,
1998. 04 월,,5,21.23,17.2,17.14,15.2,1336.000 (Won/US$),,,,,
1998. 05 월,,5,18.45,16.5,17.05,15.2,1407.000 (Won/US$),,,,,
1998. 06 월,,5,16.25,15.1,16.59,14.26,1373.000 (Won/US$),,,,,
1998. 07 월,,5,12.67,12.3,15.42,12.24,1230.000 (Won/US$),,,,,
1998. 08 월,,5,9.53,10.8,14.88,11.69,1350.000 (Won/US$),,,,,
1998. 09 월,,3,8.43,10.3,14.24,11.85,1391.000 (Won/US$),,,,,
1998. 10 월,,3,7.27,9.7,12.9,9.78,1319.000 (Won/US$),,,,,
1998. 11 월,,3,7.24,9.2,11.97,8.72,1246.000 (Won/US$),,,,,
1998. 12 월,,3,6.96,9.1,11.33,7.59,1204.000 (Won/US$),,,,,
1999. 01 월,,3,6.35,8.8,11.09,7.53,1175.000 (Won/US$),,,,,
1999. 02 월,,3,5.65,8.8,10.75,8.56,1223.000 (Won/US$),,,,,
1999. 03 월,,3,5.03,8.5,10.27,8.23,1227.000 (Won/US$),,,,,
1999. 04 월,,3,4.82,7.9,9.76,7.28,1188.000 (Won/US$),,,,,
1999. 05 월,4.75,3,4.8,7.5,9.33,8.15,1186.200 (Won/US$),,,,,
1999. 06 월,4.75,3,4.81,7.6,9.06,8.19,1157.600 (Won/US$),,,,,
1999. 07 월,4.75,3,4.84,7.5,8.93,8.37,1204.000 (Won/US$),,,,,
1999. 08 월,4.75,3,4.75,7.57,8.86,9.21,1184.600 (Won/US$),,,,,
1999. 09 월,4.75,3,4.74,7.65,8.83,9.78,1216.400 (Won/US$),,,,,
1999. 10 월,4.75,3,4.75,7.82,8.71,9.31,1200.000 (Won/US$),,,,,
1999. 11 월,4.75,3,4.75,7.79,8.58,9.92,1159.200 (Won/US$),,,,,
1999. 12 월,4.75,3,4.77,7.94,8.58,10.07,1138.000 (Won/US$),,,,,
2000. 01 월,4.75,3,4.77,8.31,8.59,9.91,1123.200 (Won/US$),,,,,
2000. 02 월,5,3,5,8.36,8.64,8.78,1131.000 (Won/US$),,,,,
2000. 03 월,5,3,5.1,8.18,8.79,9.21,1106.000 (Won/US$),,,,,
2000. 04 월,5,3,5.1,8.18,8.61,9.1,1109.100 (Won/US$),,,,,
2000. 05 월,5,3,5.13,8.11,8.62,9.18,1129.400 (Won/US$),,,,,
2000. 06 월,5,3,5.14,7.97,8.49,8.83,1115.000 (Won/US$),,,,,
2000. 07 월,5,3,5.16,7.96,8.51,8.06,1116.700 (Won/US$),,,,,
2000. 08 월,5,3,5.17,7.9,8.41,8.04,1108.800 (Won/US$),,,,,
2000. 09 월,5,3,5.16,7.73,8.43,8.22,1115.000 (Won/US$),,,,,
2000. 10 월,5.25,3,5.36,7.7,8.51,8.13,1139.000 (Won/US$),,,,,
2000. 11 월,5.25,3,5.38,7.53,8.53,7.57,1214.300 (Won/US$),,,,,
2000. 12 월,5.25,3,5.39,7.33,8.41,7,1264.500 (Won/US$),,,,,
2001. 01 월,5.25,3,5.32,7.15,8.45,6.48,1259.000 (Won/US$),,,,,
2001. 02 월,5,3,5.13,6.5,8.34,6.16,1250.800 (Won/US$),,,,,
2001. 03 월,5,3,5.03,6.1,8.26,6.9,1327.500 (Won/US$),,,,,
2001. 04 월,5,3,5.01,6.1,8.1,7.58,1319.700 (Won/US$),,,,,
2001. 05 월,5,3,5.02,6.05,7.99,7.43,1282.700 (Won/US$),,,,,
2001. 06 월,5,3,5.02,6,7.89,6.91,1297.500 (Won/US$),,,,,
2001. 07 월,4.75,3,4.81,5.9,7.78,6.6,1300.000 (Won/US$),,,,,
2001. 08 월,4.5,3,4.6,5.54,7.51,6.07,1278.000 (Won/US$),,,,,
2001. 09 월,4,2.5,4.33,5.29,7.26,6,1309.600 (Won/US$),,,,,
2001. 10 월,4,2.5,4.02,4.97,7.09,6.21,1296.100 (Won/US$),,,,,
2001. 11 월,4,2.5,4.03,4.94,6.92,6.65,1273.000 (Won/US$),,,,,
2001. 12 월,4,2.5,4.01,4.97,6.91,6.94,1313.500 (Won/US$),,,,,
2002. 01 월,4,2.5,3.99,4.98,6.9,6.98,1314.400 (Won/US$),,,,,
2002. 02 월,4,2.5,4.03,5,6.78,6.86,1323.800 (Won/US$),,,,,
2002. 03 월,4,2.5,4.03,4.95,6.79,7.07,1325.900 (Won/US$),,,,,
2002. 04 월,4,2.5,4.03,4.96,6.82,7.14,1294.000 (Won/US$),,,,,
2002. 05 월,4.25,2.5,4.26,5.05,6.8,6.96,1226.300 (Won/US$),,,,,
2002. 06 월,4.25,2.5,4.31,4.97,6.78,6.64,1201.300 (Won/US$),,,,,
2002. 07 월,4.25,2.5,4.29,4.96,6.79,6.39,1188.000 (Won/US$),,,,,
2002. 08 월,4.25,2.5,4.31,4.93,6.72,6.09,1201.900 (Won/US$),,,,,
2002. 09 월,4.25,2.5,4.33,4.93,6.71,6.07,1227.800 (Won/US$),,,,,
2002. 10 월,4.25,2.5,4.33,4.91,6.77,6,1221.600 (Won/US$),,,,,
2002. 11 월,4.25,2.5,4.31,4.89,6.72,5.69,1208.800 (Won/US$),,,,,
2002. 12 월,4.25,2.5,4.33,4.85,6.65,5.72,1186.200 (Won/US$),,,,,
2003. 01 월,4.25,2.5,4.3,4.76,6.51,5.32,1170.100 (Won/US$),,,,,
2003. 02 월,4.25,2.5,4.32,4.56,6.39,5.02,1193.700 (Won/US$),,,,,
2003. 03 월,4.25,2.5,4.25,4.37,6.48,5.06,1254.600 (Won/US$),,,,,
2003. 04 월,4.25,2.5,4.26,4.37,6.41,4.95,1215.300 (Won/US$),,,,,
2003. 05 월,4,2.5,4.09,4.29,6.28,4.61,1205.900 (Won/US$),,,,,
2003. 06 월,4,2.5,4.03,4.27,6.24,4.46,1193.100 (Won/US$),,,,,
2003. 07 월,3.75,2.5,3.85,4.19,6.2,4.86,1179.700 (Won/US$),,,,,
2003. 08 월,3.75,2.5,3.77,4.04,6.03,5.1,1178.200 (Won/US$),,,,,
2003. 09 월,3.75,2.5,3.76,3.96,5.97,4.66,1150.100 (Won/US$),,,,,
2003. 10 월,3.75,2.5,3.77,3.92,6,4.68,1183.100 (Won/US$),,,,,
2003. 11 월,3.75,2.5,3.8,4.04,6.13,5.16,1202.100 (Won/US$),,,,,
2003. 12 월,3.75,2.5,3.79,4.24,6.2,5.26,1192.600 (Won/US$),,,,,
2004. 01 월,3.75,2.5,3.8,4.25,6.25,5.28,1173.700 (Won/US$),,,,,
2004. 02 월,3.75,2.5,3.78,4.15,6.09,5.21,1176.200 (Won/US$),,,,,
2004. 03 월,3.75,2.5,3.77,4.03,6.12,4.94,1146.600 (Won/US$),,,,,
2004. 04 월,3.75,2.5,3.77,3.99,6.02,4.95,1173.300 (Won/US$),,,,,
2004. 05 월,3.75,2.5,3.77,3.95,5.97,4.85,1160.100 (Won/US$),,,,,
2004. 06 월,3.75,2.5,3.78,3.93,6.06,4.71,1155.500 (Won/US$),,,,,
2004. 07 월,3.75,2.5,3.78,3.93,5.96,4.59,1170.000 (Won/US$),,,,,
2004. 08 월,3.5,2.25,3.62,3.82,5.81,4.1,1153.000 (Won/US$),,,,,
2004. 09 월,3.5,2.25,3.53,3.65,5.74,3.86,1151.800 (Won/US$),,,,,
2004. 10 월,3.5,2.25,3.53,3.63,5.71,3.78,1119.600 (Won/US$),,,,,
2004. 11 월,3.25,2,3.36,3.59,5.6,3.64,1048.200 (Won/US$),,,,,
2004. 12 월,3.25,2,3.28,3.57,5.52,3.53,1035.100 (Won/US$),,,,,
2005. 01 월,3.25,2,3.27,3.51,5.58,4,1025.600 (Won/US$),,,,,
2005. 02 월,3.25,2,3.27,3.55,5.53,4.61,1006.000 (Won/US$),,,,,
2005. 03 월,3.25,2,3.25,3.61,5.63,4.44,1015.500 (Won/US$),,,,,
2005. 04 월,3.25,2,3.26,3.65,5.59,4.24,997.100 (Won/US$),,,,,
2005. 05 월,3.25,2,3.3,3.58,5.5,3.99,1007.700 (Won/US$),,,,,
2005. 06 월,3.25,2,3.28,3.55,5.5,4.08,1025.400 (Won/US$),,,,,
2005. 07 월,3.25,2,3.25,3.55,5.51,4.5,1026.800 (Won/US$),,,,,
2005. 08 월,3.25,2,3.25,3.56,5.49,4.81,1038.500 (Won/US$),,,,,
2005. 09 월,3.25,2,3.25,3.92,5.61,4.98,1041.100 (Won/US$),,,,,
2005. 10 월,3.5,2,3.44,3.98,5.73,5.22,1040.200 (Won/US$),,,,,
2005. 11 월,3.5,2,3.5,3.96,5.71,5.58,1033.500 (Won/US$),,,,,
2005. 12 월,3.75,2,3.69,4.24,5.74,5.5,1011.600 (Won/US$),,,,,
2006. 01 월,3.75,2,3.75,4.22,5.79,5.46,964.600 (Won/US$),,,,,
2006. 02 월,4,2.5,3.92,4.28,5.76,5.17,970.900 (Won/US$),,,,,
2006. 03 월,4,2.25,3.98,4.33,5.89,5.22,971.600 (Won/US$),,,,,
2006. 04 월,4,2.25,3.97,4.43,5.83,5.25,943.400 (Won/US$),,,,,
2006. 05 월,4,2.25,3.96,4.47,5.89,5.04,945.600 (Won/US$),,,,,
2006. 06 월,4.25,2.5,4.16,4.52,5.98,5.13,960.300 (Won/US$),,,,,
2006. 07 월,4.25,2.5,4.21,4.53,6.1,5.07,955.200 (Won/US$),,,,,
2006. 08 월,4.5,2.75,4.42,4.64,6.16,4.91,961.500 (Won/US$),,,,,
2006. 09 월,4.5,2.75,4.48,4.69,6.13,4.85,946.200 (Won/US$),,,,,
2006. 10 월,4.5,2.75,4.48,4.66,6.09,4.79,942.300 (Won/US$),,,,,
2006. 11 월,4.5,2.75,4.47,4.59,6.04,4.91,929.500 (Won/US$),,,,,
2006. 12 월,4.5,2.75,4.49,4.68,6.19,4.99,929.800 (Won/US$),,,,,
2007. 01 월,4.5,2.75,4.63,4.75,6.32,5.12,941.000 (Won/US$),,,,,
2007. 02 월,4.5,2.75,4.6,4.86,6.34,5,941.800 (Won/US$),,,,,
2007. 03 월,4.5,2.75,4.6,4.87,6.37,4.98,940.900 (Won/US$),,,,,
2007. 04 월,4.5,2.75,4.68,4.96,6.35,5.11,930.800 (Won/US$),,,,,
2007. 05 월,4.5,2.75,4.62,4.97,6.48,5.23,927.700 (Won/US$),,,,,
2007. 06 월,4.5,2.75,4.54,4.98,6.42,5.43,926.800 (Won/US$),,,,,
2007. 07 월,4.75,3,4.67,5.04,6.41,5.54,919.300 (Won/US$),,,,,
2007. 08 월,5,3.25,4.91,5.23,6.56,5.45,938.300 (Won/US$),,,,,
2007. 09 월,5,3.25,4.97,5.37,6.7,5.58,915.100 (Won/US$),,,,,
2007. 10 월,5,3.25,5,5.45,6.79,5.64,900.700 (Won/US$),,,,,
2007. 11 월,5,3.25,5,5.62,6.8,5.82,921.100 (Won/US$),,,,,
2007. 12 월,5,3.25,4.99,5.99,7.08,6.25,936.100 (Won/US$),,,,,
2008. 01 월,5,3.25,4.99,6.22,7.25,5.8,943.900 (Won/US$),,,,,
2008. 02 월,5,3.25,4.97,5.55,6.9,5.33,939.000 (Won/US$),,,,,
2008. 03 월,5,3.25,4.97,5.45,6.9,5.42,990.400 (Won/US$),,,,,
2008. 04 월,5,3.25,4.99,5.65,6.91,5.3,1002.600 (Won/US$),,,,,
2008. 05 월,5,3.25,4.99,5.52,6.96,5.64,1030.100 (Won/US$),,,,,
2008. 06 월,5,3.25,4.93,5.58,7.02,6.03,1046.000 (Won/US$),,,,,
2008. 07 월,5,3.25,4.98,5.71,7.12,6.29,1012.200 (Won/US$),,,,,
2008. 08 월,5.25,3.5,5.21,5.98,7.31,6.19,1089.000 (Won/US$),,,,,
2008. 09 월,5.25,3.5,5.21,6.22,7.44,6.3,1207.000 (Won/US$),,,,,
2008. 10 월,4.25,2.5,4.89,6.54,7.79,5.85,1291.000 (Won/US$),,,,,
2008. 11 월,4,2.25,4,6.15,7.53,6.05,1469.000 (Won/US$),,,,,
2008. 12 월,3,1.75,3.27,5.88,6.89,5.29,1259.500 (Won/US$),,,,,
2009. 01 월,2.5,1.5,2.43,4.44,5.91,4.57,1379.500 (Won/US$),,,,,
2009. 02 월,2,1.25,2.06,3.4,5.57,5.17,1534.000 (Won/US$),,,,,
2009. 03 월,2,1.25,1.77,3.13,5.5,4.96,1383.500 (Won/US$),,,,,
2009. 04 월,2,1.25,1.79,3.05,5.4,4.77,1282.000 (Won/US$),,,,,
2009. 05 월,2,1.25,1.91,2.94,5.42,4.91,1255.000 (Won/US$),,,,,
2009. 06 월,2,1.25,1.93,3.02,5.47,5.13,1273.900 (Won/US$),,,,,
2009. 07 월,2,1.25,1.94,3.03,5.53,5.13,1228.500 (Won/US$),,,,,
2009. 08 월,2,1.25,1.98,3.21,5.61,5.35,1248.900 (Won/US$),,,,,
2009. 09 월,2,1.25,1.98,3.53,5.82,5.33,1178.100 (Won/US$),,,,,
2009. 10 월,2,1.25,2,3.75,5.88,5.35,1182.500 (Won/US$),,,,,
2009. 11 월,2,1.25,2,3.76,5.87,5.29,1162.800 (Won/US$),,,,,
2009. 12 월,2,1.25,2,4.53,5.81,5.25,1164.500 (Won/US$),,,,,
2010. 01 월,2,1.25,2,4.69,5.94,5.27,1161.800 (Won/US$),,,,,
2010. 02 월,2,1.25,2,4.41,5.84,5.09,1160.000 (Won/US$),,,,,
2010. 03 월,2,1.25,2.01,3.89,5.69,4.68,1131.300 (Won/US$),,,,,
2010. 04 월,2,1.25,2,3.4,5.49,4.63,1108.400 (Won/US$),,,,,
2010. 05 월,2,1.25,2.01,3.48,5.4,4.68,1202.500 (Won/US$),,,,,
2010. 06 월,2,1.25,2,3.72,5.32,4.76,1210.300 (Won/US$),,,,,
2010. 07 월,2.25,1.25,2.2,3.88,5.39,4.82,1182.700 (Won/US$),,,,,
2010. 08 월,2.25,1.25,2.27,3.87,5.51,4.63,1189.100 (Won/US$),,,,,
2010. 09 월,2.25,1.25,2.27,3.75,5.45,4.15,1140.200 (Won/US$),,,,,
2010. 10 월,2.25,1.25,2.26,3.58,5.37,3.87,1125.300 (Won/US$),,,,,
2010. 11 월,2.5,1.25,2.37,3.71,5.34,4.24,1159.700 (Won/US$),,,,,
2010. 12 월,2.5,1.25,2.5,3.9,5.4,4.21,1134.800 (Won/US$),,,,,
2011. 01 월,2.75,1.25,2.66,4,5.64,4.5,1121.500 (Won/US$),,,,,
2011. 02 월,2.75,1.25,2.75,4.25,5.66,4.59,1128.700 (Won/US$),,,,,
2011. 03 월,3,1.5,2.92,4.24,5.78,4.27,1096.700 (Won/US$),,,,,
2011. 04 월,3,1.5,3.01,4.23,5.7,4.29,1071.500 (Won/US$),,,,,
2011. 05 월,3,1.5,3.02,4.19,5.76,4.16,1079.200 (Won/US$),,,,,
2011. 06 월,3.25,1.5,3.2,4.2,5.8,4.11,1067.700 (Won/US$),,,,,
2011. 07 월,3.25,1.5,3.26,4.24,5.86,4.15,1054.500 (Won/US$),,,,,
2011. 08 월,3.25,1.5,3.25,4.18,5.84,3.92,1066.800 (Won/US$),,,,,
2011. 09 월,3.25,1.5,3.25,4.09,5.76,3.78,1178.100 (Won/US$),,,,,
2011. 10 월,3.25,1.5,3.24,4.07,5.77,3.88,1110.000 (Won/US$),,,,,
2011. 11 월,3.25,1.5,3.26,4.05,5.83,3.82,1143.000 (Won/US$),,,,,
2011. 12 월,3.25,1.5,3.26,4.09,5.69,3.8,1151.800 (Won/US$),,,,,
2012. 01 월,3.25,1.5,3.26,4.04,5.79,3.78,1123.300 (Won/US$),,,,,
2012. 02 월,3.25,1.5,3.25,4,5.71,3.79,1118.700 (Won/US$),,,,,
2012. 03 월,3.25,1.5,3.25,4.01,5.74,3.89,1133.000 (Won/US$),,,,,
2012. 04 월,3.25,1.5,3.25,4.01,5.71,3.85,1130.000 (Won/US$),,,,,
2012. 05 월,3.25,1.5,3.26,3.91,5.66,3.71,1180.300 (Won/US$),,,,,
2012. 06 월,3.25,1.5,3.26,3.9,5.58,3.63,1145.400 (Won/US$),,,,,
2012. 07 월,3,1.5,3.09,3.7,5.45,3.33,1130.600 (Won/US$),,,,,
2012. 08 월,3,1.5,3,3.4,5.22,3.07,1134.700 (Won/US$),,,,,
2012. 09 월,3,1.5,2.99,3.43,5.13,3.04,1111.400 (Won/US$),,,,,
2012. 10 월,2.75,1.25,2.81,3.37,4.98,3.01,1090.700 (Won/US$),,,,,
2012. 11 월,2.75,1.25,2.75,3.28,4.94,3.01,1082.900 (Won/US$),,,,,
2012. 12 월,2.75,1.25,2.75,3.36,4.84,3.09,1070.600 (Won/US$),,,,,
2013. 01 월,2.75,1.25,2.76,3.24,5,3,1089.000 (Won/US$),,,,,
2013. 02 월,2.75,1.25,2.75,3.14,4.91,2.94,1083.000 (Won/US$),,,,,
2013. 03 월,2.75,1.25,2.74,3.04,4.77,2.83,1111.100 (Won/US$),,,,,
2013. 04 월,2.75,1.25,2.75,2.94,4.73,2.76,1101.200 (Won/US$),,,,,
2013. 05 월,2.5,1.25,2.56,2.82,4.62,2.8,1129.700 (Won/US$),,,,,
2013. 06 월,2.5,1.25,2.49,2.82,4.52,3.19,1142.000 (Won/US$),,,,,
2013. 07 월,2.5,1,2.48,2.8,4.6,3.34,1109.400 (Won/US$),,,,,
2013. 08 월,2.5,1,2.5,2.78,4.55,3.43,1110.000 (Won/US$),,,,,
2013. 09 월,2.5,1,2.5,2.79,4.54,3.39,1074.700 (Won/US$),,,,,
2013. 10 월,2.5,1,2.5,2.76,4.46,3.31,1060.700 (Won/US$),,,,,
2013. 11 월,2.5,1,2.5,2.76,4.5,3.46,1058.200 (Won/US$),,,,,
2013. 12 월,2.5,1,2.5,2.8,4.52,3.528,1055.400 (Won/US$),,,,,
2014. 01 월,2.5,1,2.5,2.77,4.53,3.493,1070.400 (Won/US$),,,,,
2014. 02 월,2.5,1,2.49,2.75,4.45,3.364,1067.500 (Won/US$),,,,,
2014. 03 월,2.5,1,2.48,2.72,4.46,3.322,1064.700 (Won/US$),,,,,
2014. 04 월,2.5,1,2.49,2.71,4.42,3.327,1033.200 (Won/US$),,,,,
2014. 05 월,2.5,1,2.49,2.69,4.4,3.234,1020.100 (Won/US$),,,,,
2014. 06 월,2.5,1,2.48,2.67,4.4,3.086,1011.800 (Won/US$),,,,,
2014. 07 월,2.5,1,2.49,2.58,4.39,2.885,1027.900 (Won/US$),,,,,
2014. 08 월,2.25,1,2.34,2.43,4.18,2.891,1014.000 (Won/US$),,,,,
2014. 09 월,2.25,1,2.24,2.36,4.14,2.774,1055.200 (Won/US$),,,,,
2014. 10 월,2,1,2.07,2.27,4,2.537,1068.500 (Won/US$),,,,,
2014. 11 월,2,1,1.98,2.22,3.88,2.417,1107.900 (Won/US$),,,,,
2014. 12 월,2,1,1.99,2.26,3.91,2.436,1099.300 (Won/US$),,,,,
2015. 01 월,2,1,1.99,2.18,3.9,2.26,1093.500 (Won/US$),,,,,
2015. 02 월,2,1,1.99,2.11,3.86,2.198,1098.400 (Won/US$),,,,,
2015. 03 월,1.75,1,1.83,2.01,3.61,2.057,1109.500 (Won/US$),,,,,
2015. 04 월,1.75,0.75,1.73,1.84,3.36,1.951,1072.400 (Won/US$),,,,,
2015. 05 월,1.75,0.75,1.74,1.79,3.56,2.253,1108.200 (Won/US$),,,,,
2015. 06 월,1.5,0.75,1.57,1.73,3.49,2.23,1115.500 (Won/US$),,,,,
2015. 07 월,1.5,0.75,1.48,1.63,3.43,2.24,1170.000 (Won/US$),,,,,
2015. 08 월,1.5,0.75,1.49,1.61,3.44,2.1,1182.500 (Won/US$),,,,,
2015. 09 월,1.5,0.75,1.48,1.61,3.43,1.98,1185.300 (Won/US$),,,,,
2015. 10 월,1.5,0.75,1.48,1.64,3.42,1.91,1140.100 (Won/US$),,,,,
2015. 11 월,1.5,0.75,1.49,1.74,3.44,2.05,1158.100 (Won/US$),,,,,
2015. 12 월,1.5,0.75,1.48,1.82,3.46,2.058,1172.500 (Won/US$),,,,,
2016. 01 월,1.5,0.75,1.49,1.72,3.49,1.915,1199.100 (Won/US$),,,,,
2016. 02 월,1.5,0.75,1.49,1.65,3.47,1.72,1236.700 (Won/US$),,,,,
2016. 03 월,1.5,0.5,1.49,1.62,3.5,1.739,1143.500 (Won/US$),,,,,
2016. 04 월,1.5,0.5,1.48,1.64,3.44,1.689,1139.300 (Won/US$),,,,,
2016. 05 월,1.5,0.5,1.49,1.61,3.45,1.66,1191.700 (Won/US$),,,,,
2016. 06 월,1.25,0.5,1.29,1.52,3.31,1.5,1151.800 (Won/US$),,,,,
2016. 07 월,1.25,0.5,1.23,1.38,3.23,1.34,1120.200 (Won/US$),,,,,
2016. 08 월,1.25,0.5,1.23,1.37,3.23,1.35,1118.500 (Won/US$),,,,,
2016. 09 월,1.25,0.5,1.24,1.41,3.27,1.45,1101.300 (Won/US$),,,,,
2016. 10 월,1.25,0.5,1.23,1.49,3.29,1.57,1145.200 (Won/US$),,,,,
2016. 11 월,1.25,0.5,1.23,1.62,3.29,1.92,1168.500 (Won/US$),,,,,
2016. 12 월,1.25,0.5,1.23,1.66,3.44,2.06,1207.700 (Won/US$),,,,,
2017. 01 월,1.25,0.5,1.24,1.59,3.51,1.99,1162.100 (Won/US$),,,,,
2017. 02 월,1.25,0.5,1.23,1.57,3.45,2.02,1130.700 (Won/US$),,,,,
2017. 03 월,1.25,0.5,1.23,1.58,3.48,2.075,1118.400 (Won/US$),,,,,
2017. 04 월,1.25,0.5,1.23,1.57,3.42,2.031,1137.900 (Won/US$),,,,,
2017. 05 월,1.25,0.5,1.23,1.57,3.45,2.071,1119.500 (Won/US$),,,,,
2017. 06 월,1.25,0.5,1.24,1.58,3.44,2.03,1144.100 (Won/US$),,,,,
2017. 07 월,1.25,0.5,1.24,1.56,3.45,2.096,1119.000 (Won/US$),,,,,
2017. 08 월,1.25,0.5,1.23,1.61,3.43,2.155,1127.800 (Won/US$),,,,,
2017. 09 월,1.25,0.5,1.25,1.68,3.46,2.164,1145.400 (Won/US$),,,,,
2017. 10 월,1.25,0.5,1.25,1.81,3.46,2.38,1120.400 (Won/US$),,,,,
2017. 11 월,1.5,0.5,1.26,1.99,3.55,2.52,1088.200 (Won/US$),,,,,
2017. 12 월,1.5,0.5,1.51,1.93,3.62,2.46,1070.500 (Won/US$),,,,,
2018. 01 월,1.5,0.5,1.5,1.94,3.69,2.6,1067.900 (Won/US$),,,,,
2018. 02 월,1.5,0.5,1.49,1.96,3.68,2.703,1082.800 (Won/US$),,,,,
2018. 03 월,1.5,0.5,1.49,2.03,3.67,2.688,1063.500 (Won/US$),,,,,
2018. 04 월,1.5,0.5,1.48,2,3.65,2.612,1068.000 (Won/US$),,,,,
2018. 05 월,1.5,0.5,1.5,2.01,3.68,2.691,1077.700 (Won/US$),,,,,
2018. 06 월,1.5,0.5,1.49,2.01,3.65,2.603,1114.500 (Won/US$),,,,,
2018. 07 월,1.5,0.5,1.49,1.98,3.67,2.49,1118.700 (Won/US$),,,,,
2018. 08 월,1.5,0.5,1.5,1.98,3.63,2.356,1112.900 (Won/US$),,,,,
2018. 09 월,1.5,0.5,1.54,2.01,3.61,2.245,1109.300 (Won/US$),,,,,
2018. 10 월,1.5,0.5,1.52,2.07,3.64,2.297,1140.600 (Won/US$),,,,,
2018. 11 월,1.75,0.5,1.51,2.15,3.66,2.183,1121.800 (Won/US$),,,,,
2018. 12 월,1.75,0.5,1.77,2.17,3.72,1.988,1118.100 (Won/US$),,,,,
2019. 01 월,1.75,0.5,1.76,2.15,3.73,1.967,1117.200 (Won/US$),,,,,
2019. 02 월,1.75,0.5,1.76,2.07,3.7,1.947,1117.800 (Won/US$),,,,,
2019. 03 월,1.75,0.5,1.76,2.06,3.66,1.918,1137.800 (Won/US$),,,,,
2019. 04 월,1.75,0.5,1.75,1.99,3.65,1.847,1158.200 (Won/US$),,,,,
2019. 05 월,1.75,0.5,1.75,1.97,3.62,1.795,1190.000 (Won/US$),,,,,
2019. 06 월,1.75,0.5,1.76,1.9,3.49,1.607,1156.800 (Won/US$),,,,,
2019. 07 월,1.5,0.5,1.63,1.81,3.4,1.482,1182.000 (Won/US$),,,,,
2019. 08 월,1.5,0.5,1.51,1.6,3.19,1.258,1215.200 (Won/US$),,,,,
2019. 09 월,1.5,0.5,1.52,1.64,3.31,1.441,1201.300 (Won/US$),,,,,
2019. 10 월,1.25,0.5,1.36,1.63,3.2,1.556,1168.400 (Won/US$),,,,,
2019. 11 월,1.25,0.5,1.28,1.72,3.18,1.704,1179.300 (Won/US$),,,,,
2019. 12 월,1.25,0.5,1.28,1.69,3.22,1.612,1157.800 (Won/US$),,,,,
2020. 01 월,1.25,0.5,1.27,1.62,3.19,1.585,1183.500 (Won/US$),,,,,
2020. 02 월,1.25,0.5,1.24,1.51,3.08,1.463,1215.900 (Won/US$),,,,,
2020. 03 월,0.75,,,,,,1222.600 (Won/US$),,,,,
2020. 04 월,,,,,,,1225.200 (Won/US$),,,,,
